{
  "version": "20.0.0",
  "files": {
    "c55108592621b1db1d3299b7990f7cacb431f94273c3f4158454c6bb4d0e3d8a": {
      "source": {
        "path": "asset.c55108592621b1db1d3299b7990f7cacb431f94273c3f4158454c6bb4d0e3d8a",
        "packaging": "zip"
      },
      "destinations": {
        "current_account-current_region": {
          "bucketName": "cdk-hnb659fds-assets-${AWS::AccountId}-${AWS::Region}",
          "objectKey": "c55108592621b1db1d3299b7990f7cacb431f94273c3f4158454c6bb4d0e3d8a.zip",
          "assumeRoleArn": "arn:${AWS::Partition}:iam::${AWS::AccountId}:role/cdk-hnb659fds-file-publishing-role-${AWS::AccountId}-${AWS::Region}"
        }
      }
    },
    "0486e3689f418fb677ffee1bba86265a673d3763a6da6994de93478c7e48dd2d": {
      "source": {
        "path": "CdkWorkshopStack.template.json",
        "packaging": "file"
      },
      "destinations": {
        "current_account-current_region": {
          "bucketName": "cdk-hnb659fds-assets-${AWS::AccountId}-${AWS::Region}",
          "objectKey": "0486e3689f418fb677ffee1bba86265a673d3763a6da6994de93478c7e48dd2d.json",
          "assumeRoleArn": "arn:${AWS::Partition}:iam::${AWS::AccountId}:role/cdk-hnb659fds-file-publishing-role-${AWS::AccountId}-${AWS::Region}"
        }
      }
    }
  },
  "dockerImages": {}
}