{
  "version": "tree-0.1",
  "tree": {
    "id": "App",
    "path": "",
    "children": {
      "Tree": {
        "id": "Tree",
        "path": "Tree",
        "constructInfo": {
          "fqn": "constructs.Construct",
          "version": "10.1.78"
        }
      },
      "vpc-creation-stack": {
        "id": "vpc-creation-stack",
        "path": "vpc-creation-stack",
        "children": {
          "ar-test-vpc-02": {
            "id": "ar-test-vpc-02",
            "path": "vpc-creation-stack/ar-test-vpc-02",
            "children": {
              "Resource": {
                "id": "Resource",
                "path": "vpc-creation-stack/ar-test-vpc-02/Resource",
                "attributes": {
                  "aws:cdk:cloudformation:type": "AWS::EC2::VPC",
                  "aws:cdk:cloudformation:props": {
                    "cidrBlock": "10.100.0.0/16",
                    "enableDnsHostnames": true,
                    "enableDnsSupport": true,
                    "instanceTenancy": "default",
                    "tags": [
                      {
                        "key": "Name",
                        "value": "ar-test-vpc-02"
                      },
                      {
                        "key": "Purpose",
                        "value": "testing"
                      }
                    ]
                  }
                },
                "constructInfo": {
                  "fqn": "aws-cdk-lib.aws_ec2.CfnVPC",
                  "version": "2.37.1"
                }
              },
              "private-subnet-1Subnet1": {
                "id": "private-subnet-1Subnet1",
                "path": "vpc-creation-stack/ar-test-vpc-02/private-subnet-1Subnet1",
                "children": {
                  "Subnet": {
                    "id": "Subnet",
                    "path": "vpc-creation-stack/ar-test-vpc-02/private-subnet-1Subnet1/Subnet",
                    "attributes": {
                      "aws:cdk:cloudformation:type": "AWS::EC2::Subnet",
                      "aws:cdk:cloudformation:props": {
                        "vpcId": {
                          "Ref": "artestvpc02D78344DD"
                        },
                        "availabilityZone": {
                          "Fn::Select": [
                            0,
                            {
                              "Fn::GetAZs": ""
                            }
                          ]
                        },
                        "cidrBlock": "10.100.0.0/24",
                        "mapPublicIpOnLaunch": false,
                        "tags": [
                          {
                            "key": "aws-cdk:subnet-name",
                            "value": "private-subnet-1"
                          },
                          {
                            "key": "aws-cdk:subnet-type",
                            "value": "Private"
                          },
                          {
                            "key": "Name",
                            "value": {
                              "Fn::Join": [
                                "",
                                [
                                  "ar-test-vpc-02-private-subnet-1-",
                                  {
                                    "Fn::Select": [
                                      0,
                                      {
                                        "Fn::GetAZs": ""
                                      }
                                    ]
                                  }
                                ]
                              ]
                            }
                          },
                          {
                            "key": "Purpose",
                            "value": "testing"
                          }
                        ]
                      }
                    },
                    "constructInfo": {
                      "fqn": "aws-cdk-lib.aws_ec2.CfnSubnet",
                      "version": "2.37.1"
                    }
                  },
                  "Acl": {
                    "id": "Acl",
                    "path": "vpc-creation-stack/ar-test-vpc-02/private-subnet-1Subnet1/Acl",
                    "constructInfo": {
                      "fqn": "aws-cdk-lib.Resource",
                      "version": "2.37.1"
                    }
                  },
                  "RouteTable": {
                    "id": "RouteTable",
                    "path": "vpc-creation-stack/ar-test-vpc-02/private-subnet-1Subnet1/RouteTable",
                    "attributes": {
                      "aws:cdk:cloudformation:type": "AWS::EC2::RouteTable",
                      "aws:cdk:cloudformation:props": {
                        "vpcId": {
                          "Ref": "artestvpc02D78344DD"
                        },
                        "tags": [
                          {
                            "key": "Name",
                            "value": {
                              "Fn::Join": [
                                "",
                                [
                                  "ar-test-vpc-02-private-subnet-1-",
                                  {
                                    "Fn::Select": [
                                      0,
                                      {
                                        "Fn::GetAZs": ""
                                      }
                                    ]
                                  }
                                ]
                              ]
                            }
                          },
                          {
                            "key": "Purpose",
                            "value": "testing"
                          }
                        ]
                      }
                    },
                    "constructInfo": {
                      "fqn": "aws-cdk-lib.aws_ec2.CfnRouteTable",
                      "version": "2.37.1"
                    }
                  },
                  "RouteTableAssociation": {
                    "id": "RouteTableAssociation",
                    "path": "vpc-creation-stack/ar-test-vpc-02/private-subnet-1Subnet1/RouteTableAssociation",
                    "attributes": {
                      "aws:cdk:cloudformation:type": "AWS::EC2::SubnetRouteTableAssociation",
                      "aws:cdk:cloudformation:props": {
                        "routeTableId": {
                          "Ref": "artestvpc02privatesubnet1Subnet1RouteTable8D798479"
                        },
                        "subnetId": {
                          "Ref": "artestvpc02privatesubnet1Subnet1SubnetC8A0CA3D"
                        }
                      }
                    },
                    "constructInfo": {
                      "fqn": "aws-cdk-lib.aws_ec2.CfnSubnetRouteTableAssociation",
                      "version": "2.37.1"
                    }
                  },
                  "DefaultRoute": {
                    "id": "DefaultRoute",
                    "path": "vpc-creation-stack/ar-test-vpc-02/private-subnet-1Subnet1/DefaultRoute",
                    "attributes": {
                      "aws:cdk:cloudformation:type": "AWS::EC2::Route",
                      "aws:cdk:cloudformation:props": {
                        "routeTableId": {
                          "Ref": "artestvpc02privatesubnet1Subnet1RouteTable8D798479"
                        },
                        "destinationCidrBlock": "0.0.0.0/0",
                        "natGatewayId": {
                          "Ref": "artestvpc02publicsubnet1Subnet1NATGateway846A8A5A"
                        }
                      }
                    },
                    "constructInfo": {
                      "fqn": "aws-cdk-lib.aws_ec2.CfnRoute",
                      "version": "2.37.1"
                    }
                  }
                },
                "constructInfo": {
                  "fqn": "aws-cdk-lib.aws_ec2.PrivateSubnet",
                  "version": "2.37.1"
                }
              },
              "private-subnet-1Subnet2": {
                "id": "private-subnet-1Subnet2",
                "path": "vpc-creation-stack/ar-test-vpc-02/private-subnet-1Subnet2",
                "children": {
                  "Subnet": {
                    "id": "Subnet",
                    "path": "vpc-creation-stack/ar-test-vpc-02/private-subnet-1Subnet2/Subnet",
                    "attributes": {
                      "aws:cdk:cloudformation:type": "AWS::EC2::Subnet",
                      "aws:cdk:cloudformation:props": {
                        "vpcId": {
                          "Ref": "artestvpc02D78344DD"
                        },
                        "availabilityZone": {
                          "Fn::Select": [
                            1,
                            {
                              "Fn::GetAZs": ""
                            }
                          ]
                        },
                        "cidrBlock": "10.100.1.0/24",
                        "mapPublicIpOnLaunch": false,
                        "tags": [
                          {
                            "key": "aws-cdk:subnet-name",
                            "value": "private-subnet-1"
                          },
                          {
                            "key": "aws-cdk:subnet-type",
                            "value": "Private"
                          },
                          {
                            "key": "Name",
                            "value": {
                              "Fn::Join": [
                                "",
                                [
                                  "ar-test-vpc-02-private-subnet-1-",
                                  {
                                    "Fn::Select": [
                                      1,
                                      {
                                        "Fn::GetAZs": ""
                                      }
                                    ]
                                  }
                                ]
                              ]
                            }
                          },
                          {
                            "key": "Purpose",
                            "value": "testing"
                          }
                        ]
                      }
                    },
                    "constructInfo": {
                      "fqn": "aws-cdk-lib.aws_ec2.CfnSubnet",
                      "version": "2.37.1"
                    }
                  },
                  "Acl": {
                    "id": "Acl",
                    "path": "vpc-creation-stack/ar-test-vpc-02/private-subnet-1Subnet2/Acl",
                    "constructInfo": {
                      "fqn": "aws-cdk-lib.Resource",
                      "version": "2.37.1"
                    }
                  },
                  "RouteTable": {
                    "id": "RouteTable",
                    "path": "vpc-creation-stack/ar-test-vpc-02/private-subnet-1Subnet2/RouteTable",
                    "attributes": {
                      "aws:cdk:cloudformation:type": "AWS::EC2::RouteTable",
                      "aws:cdk:cloudformation:props": {
                        "vpcId": {
                          "Ref": "artestvpc02D78344DD"
                        },
                        "tags": [
                          {
                            "key": "Name",
                            "value": {
                              "Fn::Join": [
                                "",
                                [
                                  "ar-test-vpc-02-private-subnet-1-",
                                  {
                                    "Fn::Select": [
                                      1,
                                      {
                                        "Fn::GetAZs": ""
                                      }
                                    ]
                                  }
                                ]
                              ]
                            }
                          },
                          {
                            "key": "Purpose",
                            "value": "testing"
                          }
                        ]
                      }
                    },
                    "constructInfo": {
                      "fqn": "aws-cdk-lib.aws_ec2.CfnRouteTable",
                      "version": "2.37.1"
                    }
                  },
                  "RouteTableAssociation": {
                    "id": "RouteTableAssociation",
                    "path": "vpc-creation-stack/ar-test-vpc-02/private-subnet-1Subnet2/RouteTableAssociation",
                    "attributes": {
                      "aws:cdk:cloudformation:type": "AWS::EC2::SubnetRouteTableAssociation",
                      "aws:cdk:cloudformation:props": {
                        "routeTableId": {
                          "Ref": "artestvpc02privatesubnet1Subnet2RouteTableCD73241B"
                        },
                        "subnetId": {
                          "Ref": "artestvpc02privatesubnet1Subnet2Subnet715DA67F"
                        }
                      }
                    },
                    "constructInfo": {
                      "fqn": "aws-cdk-lib.aws_ec2.CfnSubnetRouteTableAssociation",
                      "version": "2.37.1"
                    }
                  },
                  "DefaultRoute": {
                    "id": "DefaultRoute",
                    "path": "vpc-creation-stack/ar-test-vpc-02/private-subnet-1Subnet2/DefaultRoute",
                    "attributes": {
                      "aws:cdk:cloudformation:type": "AWS::EC2::Route",
                      "aws:cdk:cloudformation:props": {
                        "routeTableId": {
                          "Ref": "artestvpc02privatesubnet1Subnet2RouteTableCD73241B"
                        },
                        "destinationCidrBlock": "0.0.0.0/0",
                        "natGatewayId": {
                          "Ref": "artestvpc02publicsubnet1Subnet1NATGateway846A8A5A"
                        }
                      }
                    },
                    "constructInfo": {
                      "fqn": "aws-cdk-lib.aws_ec2.CfnRoute",
                      "version": "2.37.1"
                    }
                  }
                },
                "constructInfo": {
                  "fqn": "aws-cdk-lib.aws_ec2.PrivateSubnet",
                  "version": "2.37.1"
                }
              },
              "public-subnet-1Subnet1": {
                "id": "public-subnet-1Subnet1",
                "path": "vpc-creation-stack/ar-test-vpc-02/public-subnet-1Subnet1",
                "children": {
                  "Subnet": {
                    "id": "Subnet",
                    "path": "vpc-creation-stack/ar-test-vpc-02/public-subnet-1Subnet1/Subnet",
                    "attributes": {
                      "aws:cdk:cloudformation:type": "AWS::EC2::Subnet",
                      "aws:cdk:cloudformation:props": {
                        "vpcId": {
                          "Ref": "artestvpc02D78344DD"
                        },
                        "availabilityZone": {
                          "Fn::Select": [
                            0,
                            {
                              "Fn::GetAZs": ""
                            }
                          ]
                        },
                        "cidrBlock": "10.100.2.0/24",
                        "mapPublicIpOnLaunch": true,
                        "tags": [
                          {
                            "key": "aws-cdk:subnet-name",
                            "value": "public-subnet-1"
                          },
                          {
                            "key": "aws-cdk:subnet-type",
                            "value": "Public"
                          },
                          {
                            "key": "Name",
                            "value": {
                              "Fn::Join": [
                                "",
                                [
                                  "ar-test-vpc-02-public-subnet-1-",
                                  {
                                    "Fn::Select": [
                                      0,
                                      {
                                        "Fn::GetAZs": ""
                                      }
                                    ]
                                  }
                                ]
                              ]
                            }
                          },
                          {
                            "key": "Purpose",
                            "value": "testing"
                          }
                        ]
                      }
                    },
                    "constructInfo": {
                      "fqn": "aws-cdk-lib.aws_ec2.CfnSubnet",
                      "version": "2.37.1"
                    }
                  },
                  "Acl": {
                    "id": "Acl",
                    "path": "vpc-creation-stack/ar-test-vpc-02/public-subnet-1Subnet1/Acl",
                    "constructInfo": {
                      "fqn": "aws-cdk-lib.Resource",
                      "version": "2.37.1"
                    }
                  },
                  "RouteTable": {
                    "id": "RouteTable",
                    "path": "vpc-creation-stack/ar-test-vpc-02/public-subnet-1Subnet1/RouteTable",
                    "attributes": {
                      "aws:cdk:cloudformation:type": "AWS::EC2::RouteTable",
                      "aws:cdk:cloudformation:props": {
                        "vpcId": {
                          "Ref": "artestvpc02D78344DD"
                        },
                        "tags": [
                          {
                            "key": "Name",
                            "value": {
                              "Fn::Join": [
                                "",
                                [
                                  "ar-test-vpc-02-public-subnet-1-",
                                  {
                                    "Fn::Select": [
                                      0,
                                      {
                                        "Fn::GetAZs": ""
                                      }
                                    ]
                                  }
                                ]
                              ]
                            }
                          },
                          {
                            "key": "Purpose",
                            "value": "testing"
                          }
                        ]
                      }
                    },
                    "constructInfo": {
                      "fqn": "aws-cdk-lib.aws_ec2.CfnRouteTable",
                      "version": "2.37.1"
                    }
                  },
                  "RouteTableAssociation": {
                    "id": "RouteTableAssociation",
                    "path": "vpc-creation-stack/ar-test-vpc-02/public-subnet-1Subnet1/RouteTableAssociation",
                    "attributes": {
                      "aws:cdk:cloudformation:type": "AWS::EC2::SubnetRouteTableAssociation",
                      "aws:cdk:cloudformation:props": {
                        "routeTableId": {
                          "Ref": "artestvpc02publicsubnet1Subnet1RouteTable759E5E1A"
                        },
                        "subnetId": {
                          "Ref": "artestvpc02publicsubnet1Subnet1SubnetF63C3182"
                        }
                      }
                    },
                    "constructInfo": {
                      "fqn": "aws-cdk-lib.aws_ec2.CfnSubnetRouteTableAssociation",
                      "version": "2.37.1"
                    }
                  },
                  "DefaultRoute": {
                    "id": "DefaultRoute",
                    "path": "vpc-creation-stack/ar-test-vpc-02/public-subnet-1Subnet1/DefaultRoute",
                    "attributes": {
                      "aws:cdk:cloudformation:type": "AWS::EC2::Route",
                      "aws:cdk:cloudformation:props": {
                        "routeTableId": {
                          "Ref": "artestvpc02publicsubnet1Subnet1RouteTable759E5E1A"
                        },
                        "destinationCidrBlock": "0.0.0.0/0",
                        "gatewayId": {
                          "Ref": "artestvpc02IGWC7C48873"
                        }
                      }
                    },
                    "constructInfo": {
                      "fqn": "aws-cdk-lib.aws_ec2.CfnRoute",
                      "version": "2.37.1"
                    }
                  },
                  "EIP": {
                    "id": "EIP",
                    "path": "vpc-creation-stack/ar-test-vpc-02/public-subnet-1Subnet1/EIP",
                    "attributes": {
                      "aws:cdk:cloudformation:type": "AWS::EC2::EIP",
                      "aws:cdk:cloudformation:props": {
                        "domain": "vpc",
                        "tags": [
                          {
                            "key": "Name",
                            "value": {
                              "Fn::Join": [
                                "",
                                [
                                  "ar-test-vpc-02-public-subnet-1-",
                                  {
                                    "Fn::Select": [
                                      0,
                                      {
                                        "Fn::GetAZs": ""
                                      }
                                    ]
                                  }
                                ]
                              ]
                            }
                          },
                          {
                            "key": "Purpose",
                            "value": "testing"
                          }
                        ]
                      }
                    },
                    "constructInfo": {
                      "fqn": "aws-cdk-lib.aws_ec2.CfnEIP",
                      "version": "2.37.1"
                    }
                  },
                  "NATGateway": {
                    "id": "NATGateway",
                    "path": "vpc-creation-stack/ar-test-vpc-02/public-subnet-1Subnet1/NATGateway",
                    "attributes": {
                      "aws:cdk:cloudformation:type": "AWS::EC2::NatGateway",
                      "aws:cdk:cloudformation:props": {
                        "subnetId": {
                          "Ref": "artestvpc02publicsubnet1Subnet1SubnetF63C3182"
                        },
                        "allocationId": {
                          "Fn::GetAtt": [
                            "artestvpc02publicsubnet1Subnet1EIP111BC732",
                            "AllocationId"
                          ]
                        },
                        "tags": [
                          {
                            "key": "Name",
                            "value": {
                              "Fn::Join": [
                                "",
                                [
                                  "ar-test-vpc-02-public-subnet-1-",
                                  {
                                    "Fn::Select": [
                                      0,
                                      {
                                        "Fn::GetAZs": ""
                                      }
                                    ]
                                  }
                                ]
                              ]
                            }
                          },
                          {
                            "key": "Purpose",
                            "value": "testing"
                          }
                        ]
                      }
                    },
                    "constructInfo": {
                      "fqn": "aws-cdk-lib.aws_ec2.CfnNatGateway",
                      "version": "2.37.1"
                    }
                  }
                },
                "constructInfo": {
                  "fqn": "aws-cdk-lib.aws_ec2.PublicSubnet",
                  "version": "2.37.1"
                }
              },
              "public-subnet-1Subnet2": {
                "id": "public-subnet-1Subnet2",
                "path": "vpc-creation-stack/ar-test-vpc-02/public-subnet-1Subnet2",
                "children": {
                  "Subnet": {
                    "id": "Subnet",
                    "path": "vpc-creation-stack/ar-test-vpc-02/public-subnet-1Subnet2/Subnet",
                    "attributes": {
                      "aws:cdk:cloudformation:type": "AWS::EC2::Subnet",
                      "aws:cdk:cloudformation:props": {
                        "vpcId": {
                          "Ref": "artestvpc02D78344DD"
                        },
                        "availabilityZone": {
                          "Fn::Select": [
                            1,
                            {
                              "Fn::GetAZs": ""
                            }
                          ]
                        },
                        "cidrBlock": "10.100.3.0/24",
                        "mapPublicIpOnLaunch": true,
                        "tags": [
                          {
                            "key": "aws-cdk:subnet-name",
                            "value": "public-subnet-1"
                          },
                          {
                            "key": "aws-cdk:subnet-type",
                            "value": "Public"
                          },
                          {
                            "key": "Name",
                            "value": {
                              "Fn::Join": [
                                "",
                                [
                                  "ar-test-vpc-02-public-subnet-1-",
                                  {
                                    "Fn::Select": [
                                      1,
                                      {
                                        "Fn::GetAZs": ""
                                      }
                                    ]
                                  }
                                ]
                              ]
                            }
                          },
                          {
                            "key": "Purpose",
                            "value": "testing"
                          }
                        ]
                      }
                    },
                    "constructInfo": {
                      "fqn": "aws-cdk-lib.aws_ec2.CfnSubnet",
                      "version": "2.37.1"
                    }
                  },
                  "Acl": {
                    "id": "Acl",
                    "path": "vpc-creation-stack/ar-test-vpc-02/public-subnet-1Subnet2/Acl",
                    "constructInfo": {
                      "fqn": "aws-cdk-lib.Resource",
                      "version": "2.37.1"
                    }
                  },
                  "RouteTable": {
                    "id": "RouteTable",
                    "path": "vpc-creation-stack/ar-test-vpc-02/public-subnet-1Subnet2/RouteTable",
                    "attributes": {
                      "aws:cdk:cloudformation:type": "AWS::EC2::RouteTable",
                      "aws:cdk:cloudformation:props": {
                        "vpcId": {
                          "Ref": "artestvpc02D78344DD"
                        },
                        "tags": [
                          {
                            "key": "Name",
                            "value": {
                              "Fn::Join": [
                                "",
                                [
                                  "ar-test-vpc-02-public-subnet-1-",
                                  {
                                    "Fn::Select": [
                                      1,
                                      {
                                        "Fn::GetAZs": ""
                                      }
                                    ]
                                  }
                                ]
                              ]
                            }
                          },
                          {
                            "key": "Purpose",
                            "value": "testing"
                          }
                        ]
                      }
                    },
                    "constructInfo": {
                      "fqn": "aws-cdk-lib.aws_ec2.CfnRouteTable",
                      "version": "2.37.1"
                    }
                  },
                  "RouteTableAssociation": {
                    "id": "RouteTableAssociation",
                    "path": "vpc-creation-stack/ar-test-vpc-02/public-subnet-1Subnet2/RouteTableAssociation",
                    "attributes": {
                      "aws:cdk:cloudformation:type": "AWS::EC2::SubnetRouteTableAssociation",
                      "aws:cdk:cloudformation:props": {
                        "routeTableId": {
                          "Ref": "artestvpc02publicsubnet1Subnet2RouteTable4518BF78"
                        },
                        "subnetId": {
                          "Ref": "artestvpc02publicsubnet1Subnet2Subnet5BCC0FFF"
                        }
                      }
                    },
                    "constructInfo": {
                      "fqn": "aws-cdk-lib.aws_ec2.CfnSubnetRouteTableAssociation",
                      "version": "2.37.1"
                    }
                  },
                  "DefaultRoute": {
                    "id": "DefaultRoute",
                    "path": "vpc-creation-stack/ar-test-vpc-02/public-subnet-1Subnet2/DefaultRoute",
                    "attributes": {
                      "aws:cdk:cloudformation:type": "AWS::EC2::Route",
                      "aws:cdk:cloudformation:props": {
                        "routeTableId": {
                          "Ref": "artestvpc02publicsubnet1Subnet2RouteTable4518BF78"
                        },
                        "destinationCidrBlock": "0.0.0.0/0",
                        "gatewayId": {
                          "Ref": "artestvpc02IGWC7C48873"
                        }
                      }
                    },
                    "constructInfo": {
                      "fqn": "aws-cdk-lib.aws_ec2.CfnRoute",
                      "version": "2.37.1"
                    }
                  }
                },
                "constructInfo": {
                  "fqn": "aws-cdk-lib.aws_ec2.PublicSubnet",
                  "version": "2.37.1"
                }
              },
              "isolated-subnet-1Subnet1": {
                "id": "isolated-subnet-1Subnet1",
                "path": "vpc-creation-stack/ar-test-vpc-02/isolated-subnet-1Subnet1",
                "children": {
                  "Subnet": {
                    "id": "Subnet",
                    "path": "vpc-creation-stack/ar-test-vpc-02/isolated-subnet-1Subnet1/Subnet",
                    "attributes": {
                      "aws:cdk:cloudformation:type": "AWS::EC2::Subnet",
                      "aws:cdk:cloudformation:props": {
                        "vpcId": {
                          "Ref": "artestvpc02D78344DD"
                        },
                        "availabilityZone": {
                          "Fn::Select": [
                            0,
                            {
                              "Fn::GetAZs": ""
                            }
                          ]
                        },
                        "cidrBlock": "10.100.4.0/28",
                        "mapPublicIpOnLaunch": false,
                        "tags": [
                          {
                            "key": "aws-cdk:subnet-name",
                            "value": "isolated-subnet-1"
                          },
                          {
                            "key": "aws-cdk:subnet-type",
                            "value": "Isolated"
                          },
                          {
                            "key": "Name",
                            "value": {
                              "Fn::Join": [
                                "",
                                [
                                  "ar-test-vpc-02-isolated-subnet-1-",
                                  {
                                    "Fn::Select": [
                                      0,
                                      {
                                        "Fn::GetAZs": ""
                                      }
                                    ]
                                  }
                                ]
                              ]
                            }
                          },
                          {
                            "key": "Purpose",
                            "value": "testing"
                          }
                        ]
                      }
                    },
                    "constructInfo": {
                      "fqn": "aws-cdk-lib.aws_ec2.CfnSubnet",
                      "version": "2.37.1"
                    }
                  },
                  "Acl": {
                    "id": "Acl",
                    "path": "vpc-creation-stack/ar-test-vpc-02/isolated-subnet-1Subnet1/Acl",
                    "constructInfo": {
                      "fqn": "aws-cdk-lib.Resource",
                      "version": "2.37.1"
                    }
                  },
                  "RouteTable": {
                    "id": "RouteTable",
                    "path": "vpc-creation-stack/ar-test-vpc-02/isolated-subnet-1Subnet1/RouteTable",
                    "attributes": {
                      "aws:cdk:cloudformation:type": "AWS::EC2::RouteTable",
                      "aws:cdk:cloudformation:props": {
                        "vpcId": {
                          "Ref": "artestvpc02D78344DD"
                        },
                        "tags": [
                          {
                            "key": "Name",
                            "value": {
                              "Fn::Join": [
                                "",
                                [
                                  "ar-test-vpc-02-isolated-subnet-1-",
                                  {
                                    "Fn::Select": [
                                      0,
                                      {
                                        "Fn::GetAZs": ""
                                      }
                                    ]
                                  }
                                ]
                              ]
                            }
                          },
                          {
                            "key": "Purpose",
                            "value": "testing"
                          }
                        ]
                      }
                    },
                    "constructInfo": {
                      "fqn": "aws-cdk-lib.aws_ec2.CfnRouteTable",
                      "version": "2.37.1"
                    }
                  },
                  "RouteTableAssociation": {
                    "id": "RouteTableAssociation",
                    "path": "vpc-creation-stack/ar-test-vpc-02/isolated-subnet-1Subnet1/RouteTableAssociation",
                    "attributes": {
                      "aws:cdk:cloudformation:type": "AWS::EC2::SubnetRouteTableAssociation",
                      "aws:cdk:cloudformation:props": {
                        "routeTableId": {
                          "Ref": "artestvpc02isolatedsubnet1Subnet1RouteTableBE2CE63C"
                        },
                        "subnetId": {
                          "Ref": "artestvpc02isolatedsubnet1Subnet1Subnet0CDF50B4"
                        }
                      }
                    },
                    "constructInfo": {
                      "fqn": "aws-cdk-lib.aws_ec2.CfnSubnetRouteTableAssociation",
                      "version": "2.37.1"
                    }
                  }
                },
                "constructInfo": {
                  "fqn": "aws-cdk-lib.aws_ec2.PrivateSubnet",
                  "version": "2.37.1"
                }
              },
              "isolated-subnet-1Subnet2": {
                "id": "isolated-subnet-1Subnet2",
                "path": "vpc-creation-stack/ar-test-vpc-02/isolated-subnet-1Subnet2",
                "children": {
                  "Subnet": {
                    "id": "Subnet",
                    "path": "vpc-creation-stack/ar-test-vpc-02/isolated-subnet-1Subnet2/Subnet",
                    "attributes": {
                      "aws:cdk:cloudformation:type": "AWS::EC2::Subnet",
                      "aws:cdk:cloudformation:props": {
                        "vpcId": {
                          "Ref": "artestvpc02D78344DD"
                        },
                        "availabilityZone": {
                          "Fn::Select": [
                            1,
                            {
                              "Fn::GetAZs": ""
                            }
                          ]
                        },
                        "cidrBlock": "10.100.4.16/28",
                        "mapPublicIpOnLaunch": false,
                        "tags": [
                          {
                            "key": "aws-cdk:subnet-name",
                            "value": "isolated-subnet-1"
                          },
                          {
                            "key": "aws-cdk:subnet-type",
                            "value": "Isolated"
                          },
                          {
                            "key": "Name",
                            "value": {
                              "Fn::Join": [
                                "",
                                [
                                  "ar-test-vpc-02-isolated-subnet-1-",
                                  {
                                    "Fn::Select": [
                                      1,
                                      {
                                        "Fn::GetAZs": ""
                                      }
                                    ]
                                  }
                                ]
                              ]
                            }
                          },
                          {
                            "key": "Purpose",
                            "value": "testing"
                          }
                        ]
                      }
                    },
                    "constructInfo": {
                      "fqn": "aws-cdk-lib.aws_ec2.CfnSubnet",
                      "version": "2.37.1"
                    }
                  },
                  "Acl": {
                    "id": "Acl",
                    "path": "vpc-creation-stack/ar-test-vpc-02/isolated-subnet-1Subnet2/Acl",
                    "constructInfo": {
                      "fqn": "aws-cdk-lib.Resource",
                      "version": "2.37.1"
                    }
                  },
                  "RouteTable": {
                    "id": "RouteTable",
                    "path": "vpc-creation-stack/ar-test-vpc-02/isolated-subnet-1Subnet2/RouteTable",
                    "attributes": {
                      "aws:cdk:cloudformation:type": "AWS::EC2::RouteTable",
                      "aws:cdk:cloudformation:props": {
                        "vpcId": {
                          "Ref": "artestvpc02D78344DD"
                        },
                        "tags": [
                          {
                            "key": "Name",
                            "value": {
                              "Fn::Join": [
                                "",
                                [
                                  "ar-test-vpc-02-isolated-subnet-1-",
                                  {
                                    "Fn::Select": [
                                      1,
                                      {
                                        "Fn::GetAZs": ""
                                      }
                                    ]
                                  }
                                ]
                              ]
                            }
                          },
                          {
                            "key": "Purpose",
                            "value": "testing"
                          }
                        ]
                      }
                    },
                    "constructInfo": {
                      "fqn": "aws-cdk-lib.aws_ec2.CfnRouteTable",
                      "version": "2.37.1"
                    }
                  },
                  "RouteTableAssociation": {
                    "id": "RouteTableAssociation",
                    "path": "vpc-creation-stack/ar-test-vpc-02/isolated-subnet-1Subnet2/RouteTableAssociation",
                    "attributes": {
                      "aws:cdk:cloudformation:type": "AWS::EC2::SubnetRouteTableAssociation",
                      "aws:cdk:cloudformation:props": {
                        "routeTableId": {
                          "Ref": "artestvpc02isolatedsubnet1Subnet2RouteTable623BD3D1"
                        },
                        "subnetId": {
                          "Ref": "artestvpc02isolatedsubnet1Subnet2Subnet50066297"
                        }
                      }
                    },
                    "constructInfo": {
                      "fqn": "aws-cdk-lib.aws_ec2.CfnSubnetRouteTableAssociation",
                      "version": "2.37.1"
                    }
                  }
                },
                "constructInfo": {
                  "fqn": "aws-cdk-lib.aws_ec2.PrivateSubnet",
                  "version": "2.37.1"
                }
              },
              "IGW": {
                "id": "IGW",
                "path": "vpc-creation-stack/ar-test-vpc-02/IGW",
                "attributes": {
                  "aws:cdk:cloudformation:type": "AWS::EC2::InternetGateway",
                  "aws:cdk:cloudformation:props": {
                    "tags": [
                      {
                        "key": "Name",
                        "value": "ar-test-vpc-02"
                      },
                      {
                        "key": "Purpose",
                        "value": "testing"
                      }
                    ]
                  }
                },
                "constructInfo": {
                  "fqn": "aws-cdk-lib.aws_ec2.CfnInternetGateway",
                  "version": "2.37.1"
                }
              },
              "VPCGW": {
                "id": "VPCGW",
                "path": "vpc-creation-stack/ar-test-vpc-02/VPCGW",
                "attributes": {
                  "aws:cdk:cloudformation:type": "AWS::EC2::VPCGatewayAttachment",
                  "aws:cdk:cloudformation:props": {
                    "vpcId": {
                      "Ref": "artestvpc02D78344DD"
                    },
                    "internetGatewayId": {
                      "Ref": "artestvpc02IGWC7C48873"
                    }
                  }
                },
                "constructInfo": {
                  "fqn": "aws-cdk-lib.aws_ec2.CfnVPCGatewayAttachment",
                  "version": "2.37.1"
                }
              }
            },
            "constructInfo": {
              "fqn": "aws-cdk-lib.aws_ec2.Vpc",
              "version": "2.37.1"
            }
          },
          "vpcId": {
            "id": "vpcId",
            "path": "vpc-creation-stack/vpcId",
            "constructInfo": {
              "fqn": "aws-cdk-lib.CfnOutput",
              "version": "2.37.1"
            }
          },
          "CDKMetadata": {
            "id": "CDKMetadata",
            "path": "vpc-creation-stack/CDKMetadata",
            "children": {
              "Default": {
                "id": "Default",
                "path": "vpc-creation-stack/CDKMetadata/Default",
                "constructInfo": {
                  "fqn": "aws-cdk-lib.CfnResource",
                  "version": "2.37.1"
                }
              },
              "Condition": {
                "id": "Condition",
                "path": "vpc-creation-stack/CDKMetadata/Condition",
                "constructInfo": {
                  "fqn": "aws-cdk-lib.CfnCondition",
                  "version": "2.37.1"
                }
              }
            },
            "constructInfo": {
              "fqn": "constructs.Construct",
              "version": "10.1.78"
            }
          }
        },
        "constructInfo": {
          "fqn": "aws-cdk-lib.Stack",
          "version": "2.37.1"
        }
      }
    },
    "constructInfo": {
      "fqn": "aws-cdk-lib.App",
      "version": "2.37.1"
    }
  }
}