{
  "version": "20.0.0",
  "files": {
    "e7bf99f4547c32bbc38b90c34dd0062d8a2095d8ce0ba645fc3fbfc865b096fd": {
      "source": {
        "path": "vpc-creation-stack.template.json",
        "packaging": "file"
      },
      "destinations": {
        "current_account-current_region": {
          "bucketName": "cdk-hnb659fds-assets-${AWS::AccountId}-${AWS::Region}",
          "objectKey": "e7bf99f4547c32bbc38b90c34dd0062d8a2095d8ce0ba645fc3fbfc865b096fd.json",
          "assumeRoleArn": "arn:${AWS::Partition}:iam::${AWS::AccountId}:role/cdk-hnb659fds-file-publishing-role-${AWS::AccountId}-${AWS::Region}"
        }
      }
    }
  },
  "dockerImages": {}
}